{"cameraMode":{"drawMode":0,"name":"Shaded","section":"Shading Mode"},"sceneLighting":true,"audioPlay":false,"sceneViewState":{"m_AlwaysRefresh":false,"showFog":true,"showSkybox":true,"showFlares":true,"showImageEffects":true,"showParticleSystems":true,"showVisualEffectGraphs":true,"m_FxEnabled":true},"in2DMode":false,"pivot":{"x":3.423748016357422,"y":1.9983351230621338,"z":-2.8853538036346437},"rotation":{"x":0.019581805914640428,"y":-0.9803414344787598,"z":0.14546625316143037,"w":0.13194699585437776},"size":1.2124360799789429,"orthographic":false}