{"cameraMode":{"drawMode":0,"name":"Shaded","section":"Shading Mode"},"sceneLighting":false,"audioPlay":false,"sceneViewState":{"m_AlwaysRefresh":false,"showFog":true,"showSkybox":false,"showFlares":true,"showImageEffects":true,"showParticleSystems":true,"showVisualEffectGraphs":true,"m_FxEnabled":true},"in2DMode":false,"pivot":{"x":-1.1504886150360108,"y":1.9784938097000123,"z":-2.2702810764312746},"rotation":{"x":-0.059957075864076617,"y":-0.9397764801979065,"z":0.24980631470680238,"w":-0.2255268394947052},"size":0.6490118503570557,"orthographic":false}