{"cameraMode":{"drawMode":0,"name":"Shaded","section":"Shading Mode"},"sceneLighting":false,"audioPlay":false,"sceneViewState":{"m_AlwaysRefresh":false,"showFog":false,"showSkybox":false,"showFlares":false,"showImageEffects":false,"showParticleSystems":false,"showVisualEffectGraphs":true,"m_FxEnabled":true},"in2DMode":false,"pivot":{"x":-0.0003516972064971924,"y":0.7596167922019959,"z":-0.17512838542461396},"rotation":{"x":0.09377369284629822,"y":-0.8588818311691284,"z":0.16991257667541505,"w":0.4740041494369507},"size":1.029823660850525,"orthographic":false}