{"cameraMode":{"drawMode":0,"name":"Shaded","section":"Shading Mode"},"sceneLighting":false,"audioPlay":false,"sceneViewState":{"m_AlwaysRefresh":false,"showFog":true,"showSkybox":false,"showFlares":true,"showImageEffects":true,"showParticleSystems":true,"showVisualEffectGraphs":true,"m_FxEnabled":true},"in2DMode":false,"pivot":{"x":-0.6753725409507752,"y":-0.38008373975753786,"z":-5.07033634185791},"rotation":{"x":0.02248675376176834,"y":-0.9182102084159851,"z":0.05267995595932007,"w":0.3919772505760193},"size":0.40361878275871279,"orthographic":false}